name,unweighted,weighted,difference,pct_change
Kalutara District,33.94,36.46,2.53,7.44
Mannar District,37.13,39.62,2.49,6.71
Colombo District,38.09,39.92,1.84,4.82
Kegalle District,29.68,30.56,0.88,2.97
Galle District,30.98,31.72,0.74,2.40
Gampaha District,38.80,39.71,0.91,2.35
Trincomalee District,30.27,30.96,0.69,2.28
Anuradhapura District,32.39,32.82,0.43,1.33
Polonnaruwa District,34.35,34.61,0.26,0.76
Badulla District,35.67,35.92,0.25,0.71
Matara District,28.58,28.75,0.17,0.59
Jaffna District,42.75,42.97,0.22,0.51
Monaragala District,34.24,34.41,0.17,0.50
Ratnapura District,27.93,27.91,-0.02,-0.07
Batticaloa District,34.44,34.35,-0.09,-0.27
Ampara District,33.27,33.12,-0.15,-0.45
Vavuniya District,31.06,30.78,-0.28,-0.90
Kurunegala District,34.78,34.44,-0.35,-0.99
Kandy District,31.06,30.74,-0.32,-1.05
Matale District,34.27,33.76,-0.51,-1.49
Mullaitivu District,32.43,31.63,-0.80,-2.47
Puttalam District,36.00,35.09,-0.91,-2.53
Nuwara Eliya District,24.46,23.77,-0.70,-2.84
Kilinochchi District,38.73,37.28,-1.45,-3.74
Hambantota District,29.71,28.27,-1.43,-4.83
